City_ID,City,Lat,Lng,Max Temp,Humidity,Cloudiness,Wind Speed,Country,Date
0,avarua,-21.2078,-159.775,75.25,73,100,12.66,CK,1731629853
1,edinburgh of the seven seas,-37.0676,-12.3116,60.4,92,92,20.42,SH,1731629854
2,bardai,11.65,7.2333,70.54,22,0,9.37,NG,1731629855
3,walvis bay,-22.9575,14.5053,60.53,84,3,4.21,NA,1731629857
4,hawaiian paradise park,19.5933,-154.9731,78.31,80,100,12.66,US,1731629858
5,tura,25.5198,90.2201,63.63,87,0,3.8,IN,1731629694
6,hamilton,39.1834,-84.5333,54.41,92,100,14.0,US,1731629770
7,tiksi,71.6872,128.8694,-12.59,100,98,2.51,RU,1731629861
8,badger,64.8,-147.5333,4.8,82,20,6.91,US,1731629862
9,kenai,60.5544,-151.2583,23.14,87,100,16.11,US,1731629863
10,tazovsky,67.4667,78.7,-14.15,97,87,11.88,RU,1731629864
11,lillehammer,61.1146,10.4674,34.77,81,98,3.78,NO,1731629865
12,puerto natales,-51.7236,-72.4875,46.02,87,100,5.03,CL,1731629867
13,albany,42.6001,-73.9662,37.45,57,100,0.6,US,1731629766
14,port mathurin,-19.6833,63.4167,76.15,75,17,14.16,MU,1731629869
15,west island,-12.1568,96.8225,80.58,89,100,17.27,CC,1731629870
16,minas de marcona,-15.2119,-75.1103,58.37,79,25,9.71,PE,1731629871
17,moyynkum,44.2914,72.9469,29.08,38,14,6.33,KZ,1731629872
18,kristiansund,63.1115,7.732,53.13,82,100,29.93,NO,1731629707
19,college,64.8569,-147.8028,4.89,78,27,4.32,US,1731629874
20,dharangaon,21.0167,75.2667,68.68,55,84,6.15,IN,1731629876
21,grytviken,-54.2811,-36.5092,34.45,57,99,4.74,GS,1731629877
22,mana,5.6592,-53.7767,80.4,85,91,12.06,GF,1731629878
23,fort bragg,35.139,-79.006,55.24,97,100,9.22,US,1731629774
24,jamestown,42.097,-79.2353,41.02,94,100,9.22,US,1731629605
25,blackmans bay,-43.0167,147.3167,54.52,70,93,1.99,AU,1731629881
26,wailua homesteads,22.0669,-159.378,79.59,76,100,21.85,US,1731629882
27,bethel,41.3712,-73.414,40.15,45,0,3.44,US,1731629883
28,adamstown,-25.066,-130.1015,74.48,86,89,9.55,PN,1731629885
29,pisco,-13.7,-76.2167,68.05,83,0,14.97,PE,1731629886
30,port elizabeth,-33.918,25.5701,58.32,92,31,5.44,ZA,1731629887
31,port-aux-francais,-49.35,70.2167,37.98,70,43,26.42,TF,1731629706
32,olyokminsk,60.3736,120.4264,-5.87,99,98,2.19,RU,1731629889
33,puerto ayora,-0.7393,-90.3518,72.55,83,89,4.0,EC,1731629890
34,anadyr,64.75,177.4833,12.7,78,40,11.18,RU,1731629892
35,namtsy,62.7161,129.6658,-8.23,96,100,5.97,RU,1731629840
36,santa terezinha,-29.9002,-50.0904,68.94,71,0,16.4,BR,1731629894
37,tindouf,27.6711,-8.1474,66.4,37,39,7.23,DZ,1731629895
38,isafjordur,66.0755,-23.124,28.54,85,53,32.28,IS,1731629896
39,happy valley-goose bay,53.3168,-60.3315,22.17,84,99,1.25,CA,1731629898
40,hafar al-batin,28.4328,45.9708,61.38,55,0,0.0,SA,1731629899
41,la passe,45.5549,-0.8967,46.36,85,47,14.38,FR,1731629900
42,georgetown,5.4112,100.3354,80.53,88,40,3.0,MY,1731629715
43,enewetak,11.3474,162.3373,83.21,72,61,14.47,MH,1731629902
44,kodiak,57.79,-152.4072,44.11,81,100,4.61,US,1731629903
45,alice springs,-23.7,133.8833,80.15,16,24,10.36,AU,1731629904
46,stanley,54.868,-1.6985,41.02,100,100,4.61,GB,1731629867
47,cockburn town,21.4612,-71.1419,79.93,66,61,14.72,TC,1731629907
48,novyy urengoy,66.0833,76.6333,-3.35,93,100,15.3,RU,1731629908
49,waitangi,-43.9535,-176.5597,56.19,86,100,31.92,NZ,1731629909
50,bahadurganj,26.2667,87.8167,66.81,69,0,2.24,IN,1731629910
51,vila do maio,15.1333,-23.2167,77.47,62,72,11.27,CV,1731629911
52,bilibino,68.0546,166.4372,-16.11,100,96,0.92,RU,1731629912
53,slutsk,53.0274,27.5597,33.42,98,100,9.69,BY,1731629914
54,kapa'a,22.0752,-159.319,80.92,74,100,21.85,US,1731629915
55,tucurui,-3.7661,-49.6725,76.15,86,98,2.48,BR,1731629916
56,sinop,41.7711,34.8709,46.58,93,100,4.74,TR,1731629917
57,aasiaat,68.7098,-52.8699,3.47,99,81,10.38,GL,1731629918
58,leava,-14.3,-178.1667,82.02,77,27,18.81,WF,1731629919
59,mar del plata,-38.0023,-57.5575,73.53,67,71,13.6,AR,1731629886
60,port lincoln,-34.7333,135.8667,62.22,66,2,12.93,AU,1731629921
61,pacocha,-17.5833,-71.3333,64.36,86,12,1.39,PE,1731629923
62,petropavlovsk-kamchatsky,53.0452,158.6483,14.59,57,0,6.71,RU,1731629924
63,margaret river,-33.95,115.0667,62.11,67,100,11.99,AU,1731629925
64,kerikeri,-35.2268,173.9474,66.9,95,100,8.99,NZ,1731629926
65,koh kong,11.6175,102.9806,77.65,89,74,4.05,KH,1731629927
66,port alfred,-33.5906,26.891,56.17,92,56,12.57,ZA,1731629928
67,sola,-13.8833,167.55,81.16,79,48,13.96,VU,1731629929
68,ushuaia,-54.8,-68.3,41.59,96,95,5.93,AR,1731629808
69,thompson,55.7435,-97.8558,26.76,68,100,8.05,CA,1731629932
70,atafu village,-8.5421,-172.5159,82.17,79,100,11.79,TK,1731629933
71,camiri,-20.05,-63.5167,70.7,34,55,0.87,BO,1731629934
72,crane,31.3974,-102.3501,64.96,31,0,13.8,US,1731629936
73,yeppoon,-23.1333,150.7333,81.05,66,69,12.64,AU,1731629937
74,sitka,57.0531,-135.33,42.69,70,75,4.61,US,1731629938
75,yellowknife,62.456,-114.3525,12.42,100,100,6.91,CA,1731629804
76,papatowai,-46.5619,169.4708,49.12,81,100,13.49,NZ,1731629940
77,jamsankoski,61.919,25.1701,34.29,91,96,8.1,FI,1731629941
78,fale old settlement,-9.3852,-171.2468,82.38,77,64,9.46,TK,1731629942
79,remire-montjoly,4.9167,-52.2667,80.64,89,0,3.44,GF,1731629945
80,manturovo,58.3353,44.7619,30.31,84,100,7.83,RU,1731629946
81,bonthe,7.5264,-12.505,78.78,83,75,4.47,SL,1731629947
82,mil'kovo,55.6078,37.7956,33.35,65,100,7.83,RU,1731629948
83,ketchikan,55.3422,-131.6461,42.35,87,75,5.75,US,1731629949
84,broome,42.2506,-75.833,39.7,55,0,9.22,US,1731629950
85,svetlyy,54.675,20.1347,41.99,76,54,8.14,RU,1731629951
86,kuraymah,18.55,31.85,75.06,24,0,13.53,SD,1731629953
87,kovvur,17.0167,81.7333,75.45,78,20,6.91,IN,1731629954
88,labrador city,52.9463,-66.9114,17.51,86,0,4.61,CA,1731629955
89,ust-nera,64.5667,143.2,-21.68,97,87,3.67,RU,1731629956
90,taro,-8.3862,115.28,78.06,71,100,0.85,ID,1731629957
91,huarmey,-10.0681,-78.1522,66.09,86,55,6.42,PE,1731629958
92,invercargill,-46.4,168.35,57.02,67,99,14.0,NZ,1731629959
93,laguna,38.421,-121.4238,59.18,77,100,10.36,US,1731629961
94,cidade velha,14.9167,-23.6167,75.61,66,80,8.14,CV,1731629962
95,kaga bandoro,6.9896,19.1874,72.64,54,42,1.07,CF,1731629963
96,huanren,41.2647,125.3667,46.33,94,62,0.67,CN,1731629964
97,longyearbyen,78.2186,15.6401,31.84,69,75,26.46,SJ,1731629965
98,nuoro,40.3211,9.3297,43.34,94,83,3.11,IT,1731629966
99,selfoss,63.9331,-20.9971,35.04,57,100,25.93,IS,1731629967
100,idukki,9.85,76.9667,64.89,96,98,3.94,IN,1731629970
101,bredasdorp,-34.5322,20.0403,57.24,88,96,4.88,ZA,1731629971
102,clewiston,26.7542,-80.9337,74.86,67,10,5.84,US,1731629860
103,ta`u,-14.2336,-169.5144,80.1,77,81,21.41,AS,1731629973
104,kasserine,35.1676,8.8365,60.93,53,1,6.82,TN,1731629975
105,douglas,41.3,-96.167,51.78,65,0,3.44,US,1731629976
106,imbituba,-28.24,-48.6703,65.82,74,0,11.79,BR,1731629978
107,farah,32.5,62.5,47.84,53,23,2.3,AF,1731629979
108,cidreira,-30.1811,-50.2056,69.37,68,1,15.19,BR,1731629980
109,bridgewater,44.3835,-64.5155,37.08,77,96,19.57,CA,1731629981
110,lihue,21.9789,-159.3672,80.19,68,100,21.85,US,1731629982
111,weiser,44.251,-116.9693,52.32,57,70,4.12,US,1731629983
112,mount isa,-20.7333,139.5,96.57,12,78,10.36,AU,1731629984
113,isangel,-19.55,169.2667,87.91,66,75,0.0,VU,1731629985
114,santa maria do suacui,-18.1903,-42.4142,66.63,95,100,2.55,BR,1731629987
115,oiso,35.3031,139.3028,58.39,86,100,4.03,JP,1731629988
116,hammerfest,70.6634,23.6821,37.85,81,100,19.57,NO,1731629989
117,grand falls-windsor,48.9332,-55.6649,40.78,100,100,14.07,CA,1731629806
118,higuera de zaragoza,25.95,-109.2833,73.24,56,0,8.08,MX,1731629991
119,dudinka,69.4058,86.1778,-29.18,99,53,7.05,RU,1731629992
120,brookings,44.3114,-96.7984,41.11,94,0,5.75,US,1731629995
121,novodvinsk,64.4165,40.8122,35.35,92,55,7.45,RU,1731629996
122,solnechniy,56.5438,48.4044,29.68,85,100,9.57,RU,1731629997
123,lebu,-37.6167,-73.65,56.23,93,100,4.56,CL,1731629751
124,phan thiet,10.9333,108.1,76.84,87,99,4.25,VN,1731629999
125,hebi,35.8992,114.1925,53.65,88,19,3.87,CN,1731630000
126,nemuro,43.3236,145.575,48.92,77,100,8.43,JP,1731630001
127,prado,-17.3411,-39.2208,74.62,90,99,6.2,BR,1731630003
128,st. john's,47.5649,-52.7093,52.29,99,100,19.57,CA,1731629872
129,egilsstadir,65.2653,-14.3948,53.51,58,75,27.63,IS,1731629838
130,paka,4.6374,103.4368,77.99,88,85,3.6,MY,1731629904
131,tanhacu,-14.0214,-41.2481,71.83,72,100,2.35,BR,1731630007
132,port hedland,-20.3167,118.5667,95.05,28,9,23.02,AU,1731630008
133,saint-joseph,-21.3667,55.6167,70.18,82,6,7.4,RE,1731630010
134,kavaratti,10.5669,72.642,82.83,74,94,6.58,IN,1731630011
135,ambon,-3.6954,128.1814,87.89,100,40,2.3,ID,1731630012
136,constantia,44.1833,28.65,41.7,88,100,6.22,RO,1731630013
137,ribeira grande,38.5167,-28.7,64.78,66,16,10.0,PT,1731630014
138,ylitornio,66.3089,23.6773,34.63,73,100,7.45,FI,1731630015
139,olonkinbyen,70.9221,-8.7187,24.48,93,100,22.91,SJ,1731630016
140,bo rai,12.5728,102.5371,77.25,92,66,0.45,TH,1731630018
141,kiruna,67.8557,20.2251,27.52,74,100,8.05,SE,1731630019
142,ilulissat,69.2167,-51.1,15.82,53,4,11.5,GL,1731630020
143,jumla,29.2747,82.1838,39.6,21,0,7.07,NP,1731630021
144,iqaluit,63.7506,-68.5145,31.73,93,100,17.27,CA,1731630022
145,edeia,-17.3383,-49.9314,72.91,89,44,5.88,BR,1731630023
146,coahuayana de hidalgo,18.7,-103.6583,80.08,78,51,3.06,MX,1731630024
147,hassi messaoud,31.6804,6.0729,60.66,41,0,1.14,DZ,1731630025
148,kingston,17.997,-76.7936,83.35,79,20,8.05,JM,1731630004
149,bikenibeu village,1.3673,173.1241,89.56,62,20,10.36,KI,1731630028
150,guerrero negro,27.9769,-114.0611,66.18,61,0,15.77,MX,1731629819
151,codrington,-38.2667,141.9667,61.84,50,62,9.28,AU,1731630030
152,puerto baquerizo moreno,-0.9,-89.6,70.48,73,97,11.63,EC,1731630031
153,cabedelo,-6.9811,-34.8339,77.67,77,41,11.16,BR,1731630032
154,saint-pierre,-21.3393,55.4781,71.28,64,2,6.91,RE,1731629904
155,afaahiti,-17.75,-149.2833,76.33,80,100,8.81,PF,1731630035
156,xining,36.6167,101.7667,39.25,80,73,3.47,CN,1731629810
157,la palma,33.8464,-118.0467,69.17,62,40,9.22,US,1731630037
158,chonchi,-42.6128,-73.8092,51.12,97,100,7.34,CL,1731630038
159,reuleuet,5.2167,96.2833,78.57,79,100,4.09,ID,1731630039
160,biltine,14.5333,20.9167,70.27,19,0,11.1,TD,1731630040
161,severo-yeniseyskiy,60.3725,93.0408,1.15,99,99,2.82,RU,1731630041
162,awjilah,29.1081,21.2869,65.1,41,3,5.88,LY,1731630044
163,dabrowa bialostocka,53.6536,23.3479,34.25,95,100,5.88,PL,1731630045
164,bubaque,11.2833,-15.8333,83.71,59,41,9.8,GW,1731630046
165,yokadouma,3.5167,15.05,71.51,82,100,1.05,CM,1731630047
166,kununurra,-15.7667,128.7333,84.18,70,19,8.05,AU,1731629985
167,volodymyr-volynskyi,50.8525,24.3236,35.38,97,100,14.03,UA,1731630051
168,la romana,18.4273,-68.9728,75.56,100,75,0.0,DO,1731630052
169,nogliki,51.8333,143.1667,28.74,54,100,4.14,RU,1731630053
170,glace bay,46.1969,-59.957,40.78,95,100,27.63,CA,1731630054
171,strezhevoy,60.7333,77.5889,3.65,88,100,11.01,RU,1731630055
172,nowy dwor gdanski,54.2131,19.1177,41.14,81,46,7.11,PL,1731630058
173,adelaide,-34.9333,138.6,77.04,35,2,3.0,AU,1731630059
174,utrik,11.2278,169.8474,82.44,77,10,11.74,MH,1731629770
175,kudymkar,59.0173,54.656,31.26,85,100,12.03,RU,1731630061
176,acapulco de juarez,16.8634,-99.8901,84.02,79,40,9.22,MX,1731630062
177,tongliao,43.6125,122.2653,43.63,90,31,8.63,CN,1731630063
178,axim,4.8699,-2.2405,77.05,90,8,4.23,GH,1731629774
179,rongelap,11.1635,166.8941,82.24,72,22,12.21,MH,1731629818
180,kroya,-7.6331,109.2461,81.97,79,99,5.55,ID,1731629962
181,arenapolis,-14.4503,-56.8461,75.45,76,32,0.51,BR,1731630068
182,jiangzi,28.95,89.6333,21.81,57,0,4.03,CN,1731630069
183,forster,-32.1667,152.5167,67.37,95,97,9.26,AU,1731630070
184,malango,-2.9627,119.9001,74.61,83,87,0.51,ID,1731630071
185,pilsrundale,56.4167,24.0,34.88,88,79,8.7,LV,1731630072
186,akureyri,65.6835,-18.0878,40.93,56,20,19.57,IS,1731629862
187,riasi,33.0833,74.8333,60.98,26,89,8.03,IN,1731630074
188,talnakh,69.4865,88.3972,-22.94,98,98,6.78,RU,1731630075
189,bogale,16.2833,95.4,73.15,95,20,5.17,MM,1731630077
190,massawa,15.6097,39.45,83.43,59,0,4.43,ER,1731630078
191,saipan,15.1355,145.701,86.7,83,75,16.11,MP,1731629936
192,new norfolk,-42.7826,147.0587,56.71,46,71,4.79,AU,1731630080
193,lazaro cardenas,17.9583,-102.2,80.73,77,98,4.25,MX,1731630081
194,camacupa,-12.0167,17.4833,61.81,95,100,7.49,AO,1731630082
195,misawa,40.6836,141.3597,51.17,55,100,2.73,JP,1731629992
196,tabuk,17.4189,121.4443,77.95,80,100,1.68,PH,1731630084
197,port blair,11.6667,92.75,77.04,100,40,2.3,IN,1731629954
198,coquimbo,-29.9533,-71.3436,60.53,78,20,10.36,CL,1731629861
199,tari,-11.1105,14.3559,65.37,95,97,1.83,AO,1731630089
200,baloda bazar,21.6667,82.1667,63.57,60,55,3.38,IN,1731630090
201,hermanus,-34.4187,19.2345,56.8,86,84,8.9,ZA,1731630091
202,mandan,46.8267,-100.8896,47.8,55,0,10.36,US,1731630030
203,quibala,-10.7337,14.98,60.08,96,100,2.8,AO,1731630095
204,santa cruz,-17.8,-63.1667,78.26,53,20,2.3,BO,1731630096
205,belo sur tsiribihina,-19.7,44.55,75.18,92,5,4.14,MG,1731630097
206,ebon,4.582,168.6964,83.59,65,80,12.24,MH,1731630098
207,whitehorse,60.7161,-135.0538,14.77,85,40,8.05,CA,1731630099
208,narasannapeta,18.4167,84.05,72.34,77,25,5.14,IN,1731630100
209,shingu,33.7333,135.9833,66.92,83,100,1.97,JP,1731630101
210,katsuren-haebaru,26.3369,127.8719,80.62,95,75,4.61,JP,1731630102
211,manta,-0.95,-80.7333,71.4,79,71,10.89,EC,1731630104
212,horodnytsya,50.807,27.3168,33.57,97,100,9.62,UA,1731630105
213,yantzaza,-3.8278,-78.7594,72.55,84,94,1.79,EC,1731630106
214,pobugskoye,48.1658,30.5927,30.56,81,41,6.58,UA,1731630107
215,fuxin,42.0156,121.6589,48.99,91,61,2.55,CN,1731630110
216,argo,37.6333,22.7333,57.92,79,0,4.05,GR,1731630111
217,cannonvale,-20.2833,148.7,81.79,69,96,7.54,AU,1731630112
218,palmer,42.1584,-72.3287,37.44,45,75,3.44,US,1731630113
219,lagunas,-5.2269,-75.6753,76.14,94,98,3.49,PE,1731630114
220,zapolyarnyy,69.4154,30.8136,32.34,82,92,24.96,RU,1731630115
221,pacific grove,36.6177,-121.9166,58.42,92,10,4.0,US,1731630116
222,lamarque,-39.423,-65.7021,82.29,19,51,11.81,AR,1731630117
223,porto novo,6.4965,2.6036,79.45,88,99,5.68,BJ,1731630119
224,chibougamau,49.9168,-74.3659,29.82,64,75,9.22,CA,1731630120
225,drayton valley,53.2168,-114.9854,27.27,85,59,2.95,CA,1731630121
226,klaksvik,62.2266,-6.589,50.31,87,96,31.74,FO,1731630122
227,englewood,39.6478,-104.9878,51.26,33,0,8.05,US,1731630123
228,mirny,62.5353,113.9611,-11.81,98,95,4.16,RU,1731630124
229,natal,-5.795,-35.2094,77.22,78,40,6.91,BR,1731630125
230,peace river,56.2501,-117.286,23.31,93,100,0.0,CA,1731630126
231,mount pearl,47.5166,-52.7813,52.32,97,100,18.41,CA,1731630127
232,tamanrasset,22.785,5.5228,53.51,28,0,0.0,DZ,1731630129
233,nev'yansk,57.4953,60.2112,30.56,84,100,12.28,RU,1731630130
234,thunder bay,48.4001,-89.3168,44.58,87,100,5.75,CA,1731630131
235,okha,53.5739,142.9478,27.21,96,100,7.72,RU,1731630132
236,zheleznogorsk,52.331,35.3711,31.55,98,100,8.3,RU,1731629966
237,plesetsk,62.708,40.2916,34.61,83,100,8.37,RU,1731630134
238,uturoa,-16.7333,-151.4333,79.25,73,100,11.23,PF,1731630135
239,korla,41.7597,86.1469,39.56,33,77,6.93,CN,1731630137
240,dalbandin,28.8947,64.4101,59.23,41,66,8.66,PK,1731630138
241,viransehir,37.2353,39.7631,55.42,38,70,2.51,TR,1731630140
242,torres,-29.3353,-49.7269,64.94,79,0,7.94,BR,1731630141
243,saint-francois,46.4154,3.9054,33.67,100,20,2.3,FR,1731630142
244,ola,59.5833,151.2833,4.33,75,50,8.37,RU,1731630143
245,farasan,16.7022,42.1183,83.88,71,0,4.45,SA,1731630144
246,kanggye,40.9695,126.5852,49.82,87,100,0.45,KP,1731630146
247,vorgashor,67.5833,63.95,12.61,95,100,13.31,RU,1731630075
248,patterson,37.4716,-121.1297,61.11,63,93,7.65,US,1731630072
249,tralee,52.2704,-9.7026,52.48,93,99,2.24,IE,1731630149
250,kuqa,41.7278,82.9364,38.97,42,48,9.01,CN,1731630150
251,jamesburg,40.3526,-74.4401,44.17,67,100,4.76,US,1731630151
252,cove,7.221,2.3402,76.48,89,35,3.18,BJ,1731630152
253,labytnangi,66.6572,66.4183,6.96,97,100,1.9,RU,1731630120
254,dadukou,26.5479,101.7054,52.74,87,0,1.5,CN,1731630155
255,kokopo,-4.352,152.2633,84.42,64,7,4.7,PG,1731630156
256,dryden,49.7833,-92.7503,37.69,100,100,3.44,CA,1731630157
257,baracoa,20.3467,-74.4958,78.06,90,100,8.46,CU,1731630158
258,punta arenas,-53.15,-70.9167,53.71,43,0,5.75,CL,1731630039
259,hithadhoo,-0.6,73.0833,82.78,77,99,12.82,MV,1731630160
260,byumba,-1.5763,30.0675,53.76,88,100,3.62,RW,1731630161
261,kavieng,-2.5744,150.7967,85.28,64,20,11.7,PG,1731630163
262,qaqortoq,60.7167,-46.0333,12.9,56,11,6.4,GL,1731630164
263,goundam,16.4145,-3.6708,82.04,21,49,8.21,ML,1731630165
264,urucui,-7.2294,-44.5561,77.22,82,99,2.95,BR,1731630166
265,kyshtovka,56.555,76.6271,14.05,95,99,6.78,RU,1731630131
266,nova sintra,14.8667,-24.7167,78.13,63,85,13.24,CV,1731630169
267,port-vila,-17.7338,168.3219,84.76,66,88,6.24,VU,1731630170
268,nagqu,31.5,92.0,20.71,29,62,2.26,CN,1731630171
269,arraial do cabo,-22.9661,-42.0278,67.96,100,100,2.3,BR,1731630172
270,carnarvon,-24.8667,113.6333,73.29,67,0,10.56,AU,1731630173
271,polyarnyy,69.1989,33.4478,34.66,78,93,27.96,RU,1731630174
272,abou el hassan,36.4166,1.1962,69.24,50,45,4.0,DZ,1731630175
273,ormara,25.2088,64.6357,77.5,70,0,5.08,PK,1731630177
274,roxas,11.5853,122.7511,82.13,77,87,2.82,PH,1731630178
275,nueva gerona,21.8833,-82.8,79.09,77,50,6.44,CU,1731630179
276,yuzhno-kurilsk,44.0306,145.8556,46.51,71,100,9.66,RU,1731630180
277,kasongo,-4.45,26.6667,68.56,96,97,4.32,CD,1731630182
278,tolanaro,-25.0319,46.9987,73.47,94,75,9.22,MG,1731630184
279,sovetskaya gavan',48.9723,140.2878,34.03,66,100,2.84,RU,1731630185
280,ponta delgada,37.7333,-25.6667,65.19,77,40,9.22,PT,1731630186
281,kamianske,48.5113,34.6021,29.8,69,8,6.87,UA,1731630187
282,katabu,-4.9333,122.5167,85.08,69,49,2.66,ID,1731630188
283,male,4.1748,73.5089,84.15,79,75,5.75,MV,1731630189
284,kruisfontein,-34.0033,24.7314,54.37,88,79,3.67,ZA,1731630191
285,muroto-misakicho,33.2833,134.15,68.67,75,100,6.11,JP,1731630192
286,champion heights,41.29,-80.8459,44.08,79,100,9.22,US,1731630193
287,aalborg,57.048,9.9187,45.97,93,32,9.22,DK,1731630194
288,san patricio,28.017,-97.5169,69.75,29,0,7.16,US,1731630195
289,altdorf,49.3875,11.3572,41.32,93,100,3.04,DE,1731630196
290,iskateley,67.6803,53.1512,32.34,97,100,13.0,RU,1731630074
291,edd,13.9297,41.6925,82.42,43,2,13.82,ER,1731630200
292,sarh,9.1429,18.3923,76.95,34,5,3.53,TD,1731630201
293,daye,30.0833,114.95,70.92,83,79,2.17,CN,1731630202
294,nuuk,64.1835,-51.7216,25.41,63,100,6.91,GL,1731630203
295,somcuta mare,47.5167,23.4667,33.87,93,100,0.0,RO,1731630204
296,fomboni,-12.28,43.7425,81.52,76,71,4.72,KM,1731630205
297,souillac,-20.5167,57.5167,75.58,88,40,4.61,MU,1731630206
298,christchurch,-43.5333,172.6333,65.95,77,40,18.41,NZ,1731630067
299,dzhetygara,52.1908,61.2006,28.0,88,71,12.66,KZ,1731630209
300,lincheng,19.9078,109.6858,75.42,81,3,2.28,CN,1731630210
301,vilyuchinsk,52.9306,158.4028,17.87,78,5,9.26,RU,1731630211
302,northam,51.0333,-4.2167,49.6,90,0,6.4,GB,1731630212
303,tabou,4.423,-7.3528,78.17,86,26,7.0,CI,1731630213
304,lauro de freitas,-12.8944,-38.3272,78.82,73,20,11.5,BR,1731630036
305,den burg,53.0542,4.7972,49.98,100,40,1.14,NL,1731630215
306,bodo,67.28,14.405,44.78,97,100,23.02,NO,1731630217
307,diffa,13.3154,12.6113,73.63,22,0,9.28,NE,1731630218
308,sao jose da coroa grande,-8.8978,-35.1478,77.7,76,64,10.76,BR,1731630220
309,palmas,-10.2128,-48.3603,75.07,88,75,3.44,BR,1731630221
310,kamaishi,39.2667,141.8833,57.99,73,100,2.19,JP,1731630222
311,magadan,59.5667,150.8,5.32,71,71,5.3,RU,1731630223
312,vallenar,-28.5708,-70.7581,63.59,54,0,3.71,CL,1731630225
313,kidal,18.4411,1.4078,77.47,16,6,11.54,ML,1731630226
314,sinabang,2.4803,96.3801,77.34,90,100,5.97,ID,1731630227
315,tarnogskiy gorodok,60.4997,43.5761,31.17,92,100,9.53,RU,1731629953
316,vondrozo,-22.8167,47.2833,66.15,95,59,1.88,MG,1731630229
317,urengoy,65.9667,78.3667,-7.65,95,100,11.25,RU,1731630230
318,balabac,7.9868,117.0645,83.35,74,100,6.78,PH,1731630231
319,paradip garh,20.3167,86.6167,69.53,76,28,7.2,IN,1731630232
320,khorixas,-20.3667,14.9667,79.77,36,59,9.86,NA,1731630234
321,iowa falls,42.5225,-93.2513,44.92,81,100,3.44,US,1731630235
322,buka,40.8108,69.1986,36.23,69,0,3.91,UZ,1731630236
323,port saint john's,-31.6229,29.5448,61.54,87,41,7.4,ZA,1731630237
324,castillos,-34.1667,-53.8333,57.49,75,19,5.19,UY,1731630238
325,chyhyryn,49.0838,32.6555,31.21,75,72,8.77,UA,1731630241
326,fisterra,42.9049,-9.2629,60.17,72,43,9.22,ES,1731630242
327,richards bay,-28.783,32.0377,66.36,74,100,2.15,ZA,1731630243
328,la'ie,21.6477,-157.9253,78.12,76,19,8.01,US,1731630244
329,udachny,66.4167,112.4,-16.47,98,96,7.43,RU,1731630175
330,bentiu,9.2333,29.8333,78.3,44,49,4.56,SS,1731630246
331,susuman,62.7833,148.1667,-10.59,99,99,1.52,RU,1731630247
332,hargeysa,9.56,44.065,61.86,53,91,8.21,SO,1731630130
333,raojan,22.537,91.9198,62.19,93,38,3.36,BD,1731630250
334,luderitz,-26.6481,15.1594,69.76,48,0,14.79,NA,1731630251
335,san antonio de pale,-1.4014,5.6325,78.31,84,100,5.73,GQ,1731630253
336,cefa,46.9167,21.7333,36.01,87,75,3.44,RO,1731630254
337,kortenberg,50.887,4.5398,48.58,90,75,1.14,BE,1731630255
338,luang prabang,19.8856,102.1347,67.96,100,100,0.0,LA,1731630256
339,silleda,42.696,-8.2465,48.54,88,66,3.18,ES,1731630258
340,ginir,7.1333,40.7,54.39,52,74,4.16,ET,1731630259
341,sosnovo-ozerskoye,52.5249,111.5418,8.11,93,100,13.33,RU,1731630260
342,santander jimenez,24.2167,-98.4667,76.71,70,82,5.91,MX,1731630261
343,dabou,5.3256,-4.3769,78.73,89,8,8.14,CI,1731630262
344,gadzhiyevo,69.2551,33.3362,34.75,78,91,29.1,RU,1731630263
345,holualoa,19.6228,-155.9522,81.55,75,20,8.05,US,1731630264
346,comodoro rivadavia,-45.8667,-67.5,75.06,31,0,23.02,AR,1731630235
347,mandalgovi,45.7625,106.2708,24.22,26,3,24.65,MN,1731630267
348,karratha,-20.7377,116.8463,92.41,37,3,12.48,AU,1731630268
349,chapaev,50.2,51.1667,33.6,64,89,5.77,KZ,1731630269
350,cabo san lucas,22.8909,-109.9124,82.71,42,0,9.22,MX,1731630269
351,langtang,9.1333,9.7833,76.37,23,18,6.55,NG,1731630272
352,talitsa,56.8804,60.0213,28.96,88,100,13.87,RU,1731630274
353,bouar,5.934,15.596,66.85,44,20,4.72,CF,1731630275
354,caconda,-13.7333,15.0667,60.73,95,100,2.82,AO,1731630276
355,sanctuary point,-35.1114,150.629,67.28,59,94,5.53,AU,1731630277
356,pingliang,35.5392,106.6861,46.72,89,100,5.55,CN,1731630278
357,namibe,-15.1961,12.1522,72.3,83,92,3.18,AO,1731630280
358,sechura,-5.5569,-80.8222,66.31,71,88,15.08,PE,1731630281
359,kirensk,57.7853,108.1119,8.56,96,100,4.72,RU,1731630282
360,colonia,50.9333,6.95,48.96,90,75,3.44,DE,1731630255
361,revda,56.801,59.9303,29.21,89,100,13.78,RU,1731630284
362,bykhaw,53.5193,30.2469,29.59,95,95,8.66,BY,1731630285
363,las heras,-46.5419,-68.9359,61.59,43,83,34.96,AR,1731630286
364,ouani,-12.1322,44.4258,78.84,80,56,2.04,KM,1731630287
365,sao felix do xingu,-6.6447,-51.995,72.37,97,100,1.86,BR,1731630289
366,zhezqazghan,47.7833,67.7667,22.48,83,26,4.92,KZ,1731630290
367,mongu,-15.2484,23.1274,70.14,73,86,8.01,ZM,1731630291
368,aldinga beach,-35.2793,138.4604,71.08,44,8,5.53,AU,1731630292
369,rupert,42.6191,-113.6772,48.15,43,0,6.91,US,1731630293
370,nikolayevsk-on-amure,53.1406,140.73,21.78,91,97,4.07,RU,1731630294
371,al bukayriyah,26.1442,43.6593,64.17,52,4,8.97,SA,1731630295
372,la gi,10.6667,107.7833,77.22,88,99,7.0,VN,1731630297
373,eureka,40.8021,-124.1637,54.21,90,59,3.0,US,1731630298
374,mandapam,9.2833,79.1167,81.37,80,100,12.75,IN,1731630299
375,vila franca do campo,37.7167,-25.4333,64.89,99,48,14.41,PT,1731630300
376,ulysses,37.5814,-101.3552,53.64,58,0,6.91,US,1731630301
377,vernon,50.2581,-119.2691,45.93,86,100,2.3,CA,1731630302
378,mejit,10.2753,170.8646,79.88,81,88,12.62,MH,1731630303
379,kingscliff,-28.2667,153.5667,78.6,73,100,12.66,AU,1731630304
380,bowen,-20.0167,148.2333,80.98,71,68,9.15,AU,1731630306
381,vadso,70.0744,29.7487,37.56,81,100,35.68,NO,1731630307
382,kratie,12.4881,106.0188,75.4,90,43,0.6,KH,1731630309
383,pariaman,-0.619,100.12,75.25,89,97,1.99,ID,1731630310
384,ghazni,33.5536,68.4269,39.47,70,100,4.12,AF,1731630311
385,trollhattan,58.2333,12.4167,40.39,100,32,3.44,SE,1731630313
386,loma de cabrera,19.4333,-71.6,73.94,96,89,1.72,DO,1731630314
387,klyuchi,52.2667,79.1667,25.09,92,100,13.78,RU,1731630316
388,laborde,-33.1532,-62.8566,78.6,34,5,7.74,AR,1731630317
389,chonglong,29.7806,104.8522,64.69,82,97,1.07,CN,1731630318
390,mukalla,14.5425,49.1242,74.97,63,4,0.81,YE,1731630319
391,lashio,22.9333,97.75,53.73,96,3,1.52,MM,1731630321
392,rio grande,-32.035,-52.0986,64.98,77,0,11.12,BR,1731630322
393,saint-philippe,-21.3585,55.7679,74.05,83,10,8.46,RE,1731630323
394,sao vicente,-23.9631,-46.3919,67.95,26,100,3.0,BR,1731630324
395,katsuura,35.1333,140.3,64.74,97,97,11.63,JP,1731630326
396,pathein,16.7833,94.7333,74.41,94,51,3.31,MM,1731630327
397,shimokizukuri,40.8061,140.3861,47.52,82,99,2.37,JP,1731630329
398,ribas do rio pardo,-20.4431,-53.7592,77.2,61,98,1.25,BR,1731630330
399,north bend,43.4065,-124.2243,49.15,93,100,0.0,US,1731630331
400,taltal,-25.4,-70.4833,62.64,83,36,4.34,CL,1731630332
401,marka,1.7159,44.7717,78.84,83,89,10.89,SO,1731630333
402,nasir,15.5894,32.5634,84.11,33,6,13.11,SD,1731630334
403,mahina,-17.5065,-149.489,85.77,62,0,13.8,PF,1731630335
404,shalkar,47.8288,59.6258,30.43,66,100,7.49,KZ,1731630336
405,puerto aysen,-45.4,-72.7,48.29,96,100,5.7,CL,1731630338
406,luau,-10.7073,22.2247,65.61,98,84,2.82,AO,1731630339
407,praia da vitoria,38.7333,-27.0667,62.85,77,40,18.03,PT,1731630340
408,glubokiy,48.5217,40.3258,35.83,78,94,7.31,RU,1731630341
409,keflavik,64.0049,-22.5624,36.03,60,75,36.82,IS,1731630342
410,nouadhibou,20.931,-17.0347,66.18,82,81,14.97,MR,1731630343
411,manga,11.6636,-1.0731,81.37,31,4,7.85,BF,1731630344
412,puerto armuelles,8.2833,-82.8667,75.09,92,100,4.0,PA,1731630345
413,kyustendil,42.2839,22.6911,39.74,95,100,3.94,BG,1731630348
414,pangai,-19.8,-174.35,80.71,74,40,14.97,TO,1731630140
415,manismata,-2.4667,111.0333,76.68,95,100,3.13,ID,1731630350
416,al jawf,29.5,38.75,63.21,50,53,9.33,SA,1731630351
417,greymouth,-42.4667,171.2,57.63,98,100,13.71,NZ,1731630352
418,bamboo flat,11.7,92.7167,77.09,100,40,2.3,IN,1731630353
419,ust'-kulom,61.6864,53.6902,32.85,95,100,9.93,RU,1731630355
420,kamyzyak,46.11,48.0736,35.58,93,0,6.71,RU,1731630356
421,portland,45.5234,-122.6762,52.09,89,89,3.0,US,1731630357
422,katy wroclawskie,51.031,16.7677,43.9,94,75,13.8,PL,1731630358
423,mahriz,31.5917,54.4318,45.23,63,4,1.5,IR,1731630359
424,negotino,41.4839,22.0892,41.32,83,100,3.2,MK,1731630164
425,dunedin,-45.8742,170.5036,50.81,99,100,15.01,NZ,1731630362
426,arilje,43.7531,20.0956,33.93,96,99,0.4,RS,1731630363
427,barra de santo antonio,-9.4047,-35.5072,77.67,78,56,10.13,BR,1731630364
428,east london,-33.0153,27.9116,61.61,88,55,9.98,ZA,1731630365
429,queenstown,-31.8976,26.8753,52.84,90,52,1.45,ZA,1731630366
430,makoua,0.0069,15.6333,71.89,98,99,3.18,CG,1731630367
431,nadym,65.5333,72.5167,8.17,94,100,20.8,RU,1731630368
432,hola,51.5377,23.1902,38.62,97,100,10.6,PL,1731630371
433,pacasmayo,-7.4006,-79.5714,64.81,83,66,10.94,PE,1731630372
434,vodnyy,63.5046,53.4095,33.55,98,100,9.01,RU,1731630373
435,tera,14.0078,0.7531,81.46,23,2,9.08,NE,1731630374
436,bankura,23.25,87.0667,66.79,53,9,5.44,IN,1731630375
437,macheng,31.1783,115.0319,66.13,76,1,4.61,CN,1731630376
438,quellon,-43.1167,-73.6167,51.85,91,100,9.51,CL,1731630377
439,tarawa,1.419,172.984,89.69,62,20,10.36,KI,1731630379
440,busselton,-33.65,115.3333,62.17,64,100,14.58,AU,1731630380
441,jackson,42.4165,-122.8345,46.85,86,100,4.61,US,1731630194
442,usogorsk,63.4106,48.6872,33.51,98,100,7.4,RU,1731630382
443,dzepciste,42.0328,21.0,38.75,96,100,2.86,MK,1731630383
444,anadarko,35.0726,-98.2437,58.84,53,0,8.88,US,1731630384
445,robore,-18.3333,-59.75,70.45,64,10,2.75,BO,1731630385
446,antsiranana,-12.2787,49.2917,77.4,81,31,12.26,MG,1731630386
447,alaghsas,17.0187,8.0168,76.33,13,87,12.5,NE,1731630388
448,ancud,-41.8697,-73.8203,53.31,97,100,18.39,CL,1731630389
449,al khafji,28.4391,48.4913,69.26,44,72,10.98,SA,1731630390
450,mount gambier,-37.8333,140.7667,63.16,44,67,6.06,AU,1731630391
451,val-d'or,48.1002,-77.7828,32.09,64,100,4.61,CA,1731630392
452,zagan,51.6176,15.3149,44.62,90,100,5.75,PL,1731630393
453,camaiore,43.9097,10.2419,45.73,58,0,3.85,IT,1731630394
454,nema,57.5067,50.5011,28.98,84,95,11.16,RU,1731630396
455,auki,-8.7676,160.7034,82.89,77,66,4.65,SB,1731630397
456,bandarbeyla,9.4942,50.8122,76.48,66,83,14.99,SO,1731630398
457,motueka,-41.1333,173.0167,69.1,65,97,4.14,NZ,1731630399
458,acarau,-2.8856,-40.12,78.26,76,46,15.55,BR,1731630400
459,borodino,55.9106,94.8983,11.26,76,99,10.33,RU,1731630401
460,al lagowa,11.4,29.1333,77.56,36,78,12.03,SD,1731630402
461,nyurba,63.2842,118.3319,-22.02,100,73,3.53,RU,1731630403
462,kimbe,-5.5502,150.1429,87.89,59,9,2.33,PG,1731630405
463,bulayevo,54.9056,70.4439,18.37,93,93,12.75,KZ,1731630406
464,lemvig,56.5486,8.3102,48.33,87,41,21.63,DK,1731630407
465,fortuna foothills,32.6578,-114.4119,78.89,13,0,1.01,US,1731630408
466,fedorovskiy,45.0972,40.9517,42.21,93,100,2.95,RU,1731630409
467,laojunmiao,39.8333,97.7333,26.33,85,100,6.62,CN,1731630208
468,mahdia,35.5047,11.0622,68.47,50,3,9.93,TN,1731630411
469,dej,47.15,23.8667,30.38,90,94,3.6,RO,1731630413
470,mangrol,21.1167,70.1167,78.21,53,69,7.52,IN,1731630414
471,suva,-18.1416,178.4415,80.83,71,54,11.63,FJ,1731630415
472,tshikapa,-6.4167,20.8,69.01,99,100,1.52,CD,1731630416
473,kranuan,16.7067,103.0788,78.51,74,83,1.54,TH,1731630417
474,mead,47.7674,-117.3549,48.34,69,20,4.61,US,1731630418
475,tazacorte,28.629,-17.9293,67.17,83,0,9.22,ES,1731630419
476,murray bridge,-35.1167,139.2667,67.12,41,3,5.99,AU,1731630420
477,arvika,59.6553,12.5852,37.87,92,99,2.86,SE,1731630422
478,zhaoyuan,37.3592,120.3964,56.84,82,89,3.58,CN,1731630210
479,tirlyanskiy,54.2109,58.5806,17.73,96,100,4.07,RU,1731630424
480,ambodifotatra,-16.9833,49.85,76.8,75,31,6.08,MG,1731630425
481,kapuskasing,49.4169,-82.4331,32.09,100,100,4.61,CA,1731630242
482,san luis,-33.295,-66.3356,77.47,23,17,9.31,AR,1731630426
483,tambura,5.6,27.4667,73.38,68,24,3.13,SS,1731630429
484,sinjar,36.3209,41.8754,58.73,39,50,2.46,IQ,1731630431
485,abilene,32.4487,-99.7331,61.93,46,0,5.75,US,1731630432
486,shenjiamen,29.9576,122.298,69.58,97,100,8.01,CN,1731630433
487,andalgala,-27.5819,-66.3165,76.98,39,0,10.67,AR,1731630434
488,fukuecho,32.6881,128.8419,68.36,100,75,6.91,JP,1731630435
489,belmonte,-15.8631,-38.8828,76.44,88,99,8.14,BR,1731630437
490,tulun,54.5611,100.5792,13.62,63,100,4.16,RU,1731630438
491,aykhal,66.0,111.5,-16.85,100,100,8.61,RU,1731630439
492,nuku'alofa,-21.1333,-175.2,80.94,78,75,11.5,TO,1731630440
493,zaragoza,41.6561,-0.8773,52.25,83,75,6.91,ES,1731630441
494,howrah,22.5892,88.3103,69.8,78,17,3.44,IN,1731630442
495,araure,9.5601,-69.2148,74.48,90,65,4.25,VE,1731630443
496,bambanglipuro,-7.95,110.2833,80.67,79,95,1.95,ID,1731630445
497,benjamin hill,30.1667,-111.1,76.28,10,0,8.63,MX,1731630446
498,orkney,-26.9802,26.6727,65.05,65,83,6.49,ZA,1731630447
499,hasaki,35.7333,140.8333,63.57,97,100,9.1,JP,1731630448
500,saldanha,-33.0117,17.9442,57.25,90,75,14.76,ZA,1731630449
501,kirklareli,41.7351,27.2252,51.13,90,100,6.73,TR,1731630450
502,buckeye,33.3703,-112.5838,79.57,16,0,0.0,US,1731630451
503,manakara,-22.1333,48.0167,70.38,93,71,4.63,MG,1731630453
504,itoman,26.1247,127.6694,80.62,89,75,11.5,JP,1731630454
505,kovdor,67.5662,30.4758,28.63,75,89,13.27,RU,1731630455
506,truro,50.2653,-5.0544,49.8,91,48,8.05,GB,1731630396
507,saudarkrokur,65.7461,-19.6394,33.53,71,100,29.86,IS,1731630457
508,leticia,-4.2153,-69.9406,77.05,94,20,5.01,CO,1731630459
509,vila velha,-20.3297,-40.2925,73.35,95,100,2.3,BR,1731630460
510,iwanuma,38.1047,140.8594,55.36,88,75,2.3,JP,1731630461
511,karliova,39.2983,41.0142,29.05,65,42,2.37,TR,1731630462
512,aioun,16.6614,-9.6149,81.68,19,73,7.31,MR,1731630463
513,filadelfia,39.9523,-75.1638,46.29,69,100,12.66,US,1731630331
514,langsa,4.4683,97.9683,74.61,94,100,1.5,ID,1731630465
515,wichita falls,33.9137,-98.4934,61.25,53,0,6.91,US,1731630466
516,geneina,13.45,22.45,66.18,21,0,14.72,SD,1731630468
517,piton saint-leu,-21.2196,55.3151,68.11,64,11,6.91,RE,1731630469
518,reggane,26.7158,0.1714,74.05,20,39,10.54,DZ,1731630470
519,cosala,24.4125,-106.6908,78.06,33,2,2.86,MX,1731630471
520,devecser,47.1032,17.438,35.24,79,69,3.67,HU,1731630472
521,puerto santa,-8.9906,-78.6456,65.75,81,76,8.79,PE,1731630473
522,santana,-0.0583,-51.1817,84.38,74,40,11.5,BR,1731630196
523,itamarandiba,-17.8572,-42.8589,61.99,95,100,4.03,BR,1731630350
524,iskushuban,10.2837,50.23,68.7,56,98,6.87,SO,1731630477
525,tupancireta,-29.0806,-53.8358,63.03,56,32,8.84,BR,1731630478
526,melfi,40.9965,15.6514,43.07,86,99,5.75,IT,1731630479
527,nar'yan-mar,67.6713,53.087,32.13,97,100,13.06,RU,1731630480
528,touros,-5.1989,-35.4608,77.85,76,72,11.54,BR,1731630481
529,mikun',62.3547,50.0771,32.83,97,100,9.08,RU,1731630483
530,bredy,52.4153,60.3411,26.98,90,84,12.57,RU,1731630484
531,coyhaique,-45.5752,-72.0662,44.69,95,99,6.6,CL,1731630485
532,karaman,37.0833,33.25,45.68,59,35,2.82,TR,1731630486
533,santa ana de yacuma,-13.75,-65.4333,78.22,75,54,5.41,BO,1731630487
534,turpan,42.9333,89.1667,39.04,35,61,3.18,CN,1731630488
535,san fernando,15.0286,120.6898,80.33,82,93,2.35,PH,1731630489
536,south hedland,-20.4089,118.5983,94.93,28,4,23.02,AU,1731630491
537,yaren,-0.5472,166.916,82.47,72,100,8.05,NR,1731630492
538,tibanbang,6.6315,126.1055,82.2,78,98,3.11,PH,1731630493
539,oroqen zizhiqi,50.5667,123.7167,12.74,82,72,1.9,CN,1731630255
540,williston,48.147,-103.618,49.03,52,83,9.26,US,1731630495
541,buncrana,55.1333,-7.45,48.47,94,70,3.85,IE,1731630496
542,haimen,23.1935,116.6142,75.42,88,63,5.32,CN,1731630497
543,monduli,-3.3,36.45,65.21,79,85,4.74,TZ,1731630499
544,sur,22.5667,59.5289,78.08,61,0,11.48,OM,1731630500
545,pahrump,36.2083,-115.9839,68.45,19,8,1.99,US,1731630501
546,preobrazheniye,42.9019,133.9064,48.52,79,41,4.97,RU,1731630502
547,bad endbach,50.75,8.5,44.42,96,97,3.49,DE,1731630503
548,yuyao,30.05,121.1494,67.78,98,96,3.11,CN,1731630504
549,morehead city,34.7229,-76.726,66.99,74,100,9.22,US,1731630417
550,cumana,10.4635,-64.1775,80.98,82,71,5.53,VE,1731630507
551,nalut,30.3333,10.85,61.63,44,0,7.05,LY,1731630508
552,minot air force base,48.4209,-101.3391,50.18,57,75,6.91,US,1731630509
553,kyabe,9.4515,18.9449,78.01,30,3,3.94,TD,1731630510
554,palikir - national government center,6.9248,158.1611,83.25,84,100,4.61,FM,1731630512
555,zyryanovsk,49.7386,84.2719,15.22,95,100,2.35,KZ,1731630514
556,lubango,-14.9172,13.4925,62.46,94,100,4.61,AO,1731630515
557,podgornoye,51.735,39.1496,32.22,100,75,8.95,RU,1731630516
558,ibarreta,-25.2144,-59.8585,75.69,35,91,5.97,AR,1731630517
559,adam,22.3756,57.5233,69.53,67,0,4.43,OM,1731630518
560,alofi,-19.0595,-169.9187,82.29,57,40,20.71,NU,1731630519
561,magole,-6.3667,37.3667,72.19,92,54,2.57,TZ,1731630521
562,vilyuysk,63.7553,121.6247,-24.56,100,95,3.2,RU,1731630522
563,newman,37.3138,-121.0208,60.04,63,61,5.99,US,1731630523
564,maragogi,-9.0122,-35.2225,75.97,79,36,9.69,BR,1731630382
565,priozersk,61.0393,30.1291,31.08,86,9,8.75,RU,1731630525
566,alice,27.7523,-98.0697,73.56,27,0,5.75,US,1731630526
